{"cameraMode":{"drawMode":0,"name":"Shaded","section":"Shading Mode"},"sceneLighting":true,"audioPlay":true,"sceneViewState":{"showFog":true,"showMaterialUpdate":true,"showSkybox":true,"showFlares":true,"showImageEffects":true,"showParticleSystems":true},"in2DMode":false,"pivot":{"x":10360.4794921875,"y":-24352.42578125,"z":-2498.390625},"rotation":{"x":-0.08717229962348938,"y":0.8995906114578247,"z":-0.21045255661010743,"w":-0.37262263894081118},"size":1731.416015625,"orthographic":false}