{"cameraMode":{"drawMode":0,"name":"Shaded","section":"Shading Mode"},"sceneLighting":true,"audioPlay":true,"sceneViewState":{"showFog":true,"showMaterialUpdate":true,"showSkybox":true,"showFlares":true,"showImageEffects":true,"showParticleSystems":true},"in2DMode":false,"pivot":{"x":261.35302734375,"y":629.068359375,"z":-701.69775390625},"rotation":{"x":-0.08717229962348938,"y":0.8995905518531799,"z":-0.21045254170894624,"w":-0.37262263894081118},"size":4738.20703125,"orthographic":false}